score,mean,std. dev.
fission,0.5692962661793025,0.0008334365189497815
nu-fission,1.4014420998358559,0.002024143346652287
kappa-fission,110606889.20389408,161746.29940787336
