score,mean,std. dev.
fission,0.4807578166679996,0.0007108329938541788
nu-fission,1.1688031335084879,0.001727577838607144
