score,mean,std. dev.
fission,0.4810357706520486,0.0008353542710030303
nu-fission,1.169479844077555,0.0020299495714828633
kappa-fission,93364231.49627876,162124.52260269425
