material,absorption rate,std. dev.
UN,0.8962480633628538,0.0013210325731664006
YH2,0.025352394371730563,7.570091060369943e-05
NaGas,0.00041471135386152977,2.261185013276121e-06
ZrHx,0.0022720456170671043,1.861266449952321e-05
NaLiquid,8.257806749342579e-05,3.4306585398408966e-07
Nb,0.015768408691590782,4.905886980775509e-05
SiC,0.004510475439599531,1.8870334386836343e-05
W,0.058652333614247085,0.00024806361385862417
