score,mean,std. dev.
fission,0.5515969212350554,0.0009265172294869856
nu-fission,1.3558646441818687,0.0022593510329727375
