score,mean,std. dev.
fission,0.5515969212350557,0.000926517229486683
nu-fission,1.3558646441818687,0.002259351032969759
kappa-fission,107153718.23324989,179853.565436727
